<?xml version="1.0" encoding="UTF-8"?>

<StructureMap xmlns="http://hl7.org/fhir">
  <id value="IMMZD1QRToResources"/>
  <text>
    <status value="generated"/><div xmlns="http://www.w3.org/1999/xhtml"><pre class="fml">
<b>map</b><span style="color: navy"> &quot;</span>http://smart.who.int/ig/smart-immunizations-measles/StructureMap/IMMZD1QRToResources<span style="color: navy">&quot; = &quot;</span>IMMZD1QRToResources<span style="color: navy">&quot;

</span><b>uses</b><span style="color: navy"> &quot;</span><a href="http://hl7.org/fhir/R4/questionnaireresponse.html" title="QuestionnaireResponse">http://hl7.org/fhir/StructureDefinition/QuestionnaireResponse</a><span style="color: navy">&quot; </span><b>alias </b>QResp <b>as </b><b>source</b>
<b>uses</b><span style="color: navy"> &quot;</span>http://smart.who.int/ig/smart-immunizations-measles/StructureDefinition/IMMZD1ClientHistoryMeasles<span style="color: navy">&quot; </span><b>alias </b>IMMZD1 <b>as </b><b>source</b>
<b>uses</b><span style="color: navy"> &quot;</span><a href="http://hl7.org/fhir/R4/bundle.html" title="Bundle">http://hl7.org/fhir/StructureDefinition/Bundle</a><span style="color: navy">&quot; </span><b>alias </b>Bundle <b>as </b><b>target</b>

<b>imports</b><span style="color: navy"> &quot;</span><a href="StructureMap-IMMZD1QRToLM.html" title="IMMZD1QRToLM">http://smart.who.int/ig/smart-immunizations-measles/StructureMap/IMMZD1QRToLM</a><span style="color: navy">&quot;
</span><b>imports</b><span style="color: navy"> &quot;</span><a href="StructureMap-IMMZD1LMToResources.html" title="IMMZD1LMToResources">http://smart.who.int/ig/smart-immunizations-measles/StructureMap/IMMZD1LMToResources</a><span style="color: navy">&quot;
</span>
<b>group </b>QRespToBundle<span style="color: navy">(</span><b>source</b> <span style="color: maroon">qr</span><span style="color: navy"> : </span>QResp, <b>target</b> <span style="color: maroon">bundle</span><span style="color: navy"> : </span>Bundle<span style="color: navy">)</span><span style="color: navy"> {
</span>  qr<span style="color: navy"><b> -&gt; </b></span><b>create</b><span style="color: navy">(</span><span style="color: blue">'http://smart.who.int/ig/smart-immunizations-measles/StructureDefinition/IMMZD1ClientHistoryMeasles'</span><span style="color: navy">)</span><b> as </b><span style="color: maroon">model</span><b> then</b><span style="color: navy"> {
</span>    qr<span style="color: navy"><b> -&gt; </b></span><span style="color: maroon">model</span><b> then </b>QRespToIMMZD1<span style="color: navy">(</span><span style="color: maroon">qr</span><span style="color: navy">, </span><span style="color: maroon">model</span><span style="color: navy">)</span> <i>&quot;QRtoLM&quot;</i><span style="color: navy">;</span>
    qr<span style="color: navy"><b> -&gt; </b></span><span style="color: maroon">bundle</span><b> then </b>IMMZD1ToBundle<span style="color: navy">(</span><span style="color: maroon">model</span><span style="color: navy">, </span><span style="color: maroon">bundle</span><span style="color: navy">)</span> <i>&quot;LMtoBundle&quot;</i><span style="color: navy">;</span>
  <span style="color: navy">}</span> <i>&quot;QRtoBundle&quot;</i><span style="color: navy">;</span>
<span style="color: navy">}

</span></pre></div>
  </text>
  <url value="http://smart.who.int/ig/smart-immunizations-measles/StructureMap/IMMZD1QRToResources"/>
  <version value="0.1.0"/>
  <name value="IMMZD1QRToResources"/>
  <status value="draft"/>
  <date value="2023-10-26T10:45:10+00:00"/>
  <publisher value="JLT"/>
  <contact>
    <name value="JLT"/>
    <telecom>
      <system value="url"/>
      <value value="http://moh.catopiatz"/>
    </telecom>
  </contact>
  <structure>
    <url value="http://hl7.org/fhir/StructureDefinition/QuestionnaireResponse"/>
    <mode value="source"/>
    <alias value="QResp"/>
  </structure>
  <structure>
    <url value="http://smart.who.int/ig/smart-immunizations-measles/StructureDefinition/IMMZD1ClientHistoryMeasles"/>
    <mode value="source"/>
    <alias value="IMMZD1"/>
  </structure>
  <structure>
    <url value="http://hl7.org/fhir/StructureDefinition/Bundle"/>
    <mode value="target"/>
    <alias value="Bundle"/>
  </structure>
  <import value="http://smart.who.int/ig/smart-immunizations-measles/StructureMap/IMMZD1QRToLM"/>
  <import value="http://smart.who.int/ig/smart-immunizations-measles/StructureMap/IMMZD1LMToResources"/>
  <group>
    <name value="QRespToBundle"/>
    <typeMode value="none"/>
    <input>
      <name value="qr"/>
      <type value="QResp"/>
      <mode value="source"/>
    </input>
    <input>
      <name value="bundle"/>
      <type value="Bundle"/>
      <mode value="target"/>
    </input>
    <rule>
      <name value="QRtoBundle"/>
      <source>
        <context value="qr"/>
      </source>
      <target>
        <contextType value="variable"/>
        <variable value="model"/>
        <transform value="create"/>
        <parameter>
          <valueString value="http://smart.who.int/ig/smart-immunizations-measles/StructureDefinition/IMMZD1ClientHistoryMeasles"/>
        </parameter>
      </target>
      <rule>
        <name value="QRtoLM"/>
        <source>
          <context value="qr"/>
        </source>
        <target>
          <contextType value="variable"/>
          <transform value="copy"/>
          <parameter>
            <valueId value="model"/>
          </parameter>
        </target>
        <dependent>
          <name value="QRespToIMMZD1"/>
          <variable value="qr"/>
          <variable value="model"/>
        </dependent>
      </rule>
      <rule>
        <name value="LMtoBundle"/>
        <source>
          <context value="qr"/>
        </source>
        <target>
          <contextType value="variable"/>
          <transform value="copy"/>
          <parameter>
            <valueId value="bundle"/>
          </parameter>
        </target>
        <dependent>
          <name value="IMMZD1ToBundle"/>
          <variable value="model"/>
          <variable value="bundle"/>
        </dependent>
      </rule>
    </rule>
  </group>
</StructureMap>