<?xml version="1.0" encoding="UTF-8"?><ConceptMap xmlns="http://hl7.org/fhir"><id value="IMMZD1ConceptMap"/><text><status value="extensions"/><div xmlns="http://www.w3.org/1999/xhtml"><p>Mapping from (not specified) to (not specified)</p><p>ACTIVE. Published on 2023-08-09 by JLT (JLT: <a href="http://moh.catopiatz">http://moh.catopiatz</a>). </p><div><p>Mapping to and from IMMZ.D1 Data Dictionary to other codesystems.</p>
</div><br/><p><b>Group 1</b>Mapping from <a href="CodeSystem-IMMZ.D1.html">IMMZ.D1 CodeSystem for Data Elements</a> to <a href="CodeSystem-ICD11.html">ICD-11</a></p><table class="grid"><tr><td><b>Source Code</b></td><td><b>Relationship</b></td><td><b>Target Code</b></td><td><b>Comment</b></td></tr><tr><td>DE11 (HIV-positive)</td><td><a href="http://hl7.org/fhir/R4/codesystem-concept-map-equivalence.html#null"/></td><td>1C62.Z (Human immunodeficiency virus disease without mention of tuberculosis or malaria)</td><td>The source concept is more specific than the target</td></tr><tr><td>DE12 (HIV-negative)</td><td><a href="http://hl7.org/fhir/R4/codesystem-concept-map-equivalence.html#null"/></td><td>QA02.Y (Medical observation or evaluation for suspected diseases or conditions, ruled out)</td><td/></tr><tr><td>DE15 (Preterm birth)</td><td><a href="http://hl7.org/fhir/R4/codesystem-concept-map-equivalence.html#null"/></td><td>KA21.4 (Preterm newborn)</td><td/></tr></table><hr/><p><b>Group 2</b>Mapping from <a href="CodeSystem-ICD11.html">ICD-11</a> to <a href="CodeSystem-IMMZ.D1.html">IMMZ.D1 CodeSystem for Data Elements</a></p><table class="grid"><tr><td><b>Source Code</b></td><td><b>Relationship</b></td><td><b>Target Code</b></td></tr><tr><td>1C62.Z (Human immunodeficiency virus disease without mention of tuberculosis or malaria)</td><td><a href="http://hl7.org/fhir/R4/codesystem-concept-map-equivalence.html#null"/></td><td>DE11 (HIV-positive)</td></tr><tr><td>QA02.Y (Medical observation or evaluation for suspected diseases or conditions, ruled out)</td><td><a href="http://hl7.org/fhir/R4/codesystem-concept-map-equivalence.html#null"/></td><td>DE12 (HIV-negative)</td></tr><tr><td>KA21.4 (Preterm newborn)</td><td><a href="http://hl7.org/fhir/R4/codesystem-concept-map-equivalence.html#null"/></td><td>DE15 (Preterm birth)</td></tr></table><hr/><p><b>Group 3</b>Mapping from <a href="CodeSystem-IMMZ.D1.html">IMMZ.D1 CodeSystem for Data Elements</a> to <a href="http://terminology.hl7.org/5.2.0/CodeSystem-v3-loinc.html">Logical Observation Identifiers, Names and Codes (LOINC)</a></p><table class="grid"><tr><td><b>Source Code</b></td><td><b>Relationship</b></td><td><b>Target Code</b></td></tr><tr><td>DE11 (HIV-positive)</td><td><a href="http://hl7.org/fhir/R4/codesystem-concept-map-equivalence.html#null"/></td><td>45683-0</td></tr><tr><td>DE10 (HIV status)</td><td><a href="http://hl7.org/fhir/R4/codesystem-concept-map-equivalence.html#null"/></td><td>55277-8</td></tr><tr><td>DE92 (Severely immunosuppressed)</td><td><a href="http://hl7.org/fhir/R4/codesystem-concept-map-equivalence.html#null"/></td><td>96381-9</td></tr><tr><td>DE15 (Preterm birth)</td><td><a href="http://hl7.org/fhir/R4/codesystem-concept-map-equivalence.html#null"/></td><td>76517-2</td></tr><tr><td>DE19 (Vaccine type)</td><td><a href="http://hl7.org/fhir/R4/codesystem-concept-map-equivalence.html#null"/></td><td>39236-5</td></tr><tr><td>DE20 (Date and time of vaccination)</td><td><a href="http://hl7.org/fhir/R4/codesystem-concept-map-equivalence.html#null"/></td><td>30952-6</td></tr></table><hr/><p><b>Group 4</b>Mapping from <a href="http://terminology.hl7.org/5.2.0/CodeSystem-v3-loinc.html">Logical Observation Identifiers, Names and Codes (LOINC)</a> to <a href="CodeSystem-IMMZ.D1.html">IMMZ.D1 CodeSystem for Data Elements</a></p><table class="grid"><tr><td><b>Source Code</b></td><td><b>Relationship</b></td><td><b>Target Code</b></td></tr><tr><td>45683-0</td><td><a href="http://hl7.org/fhir/R4/codesystem-concept-map-equivalence.html#null"/></td><td>DE11 (HIV-positive)</td></tr><tr><td>55277-8</td><td><a href="http://hl7.org/fhir/R4/codesystem-concept-map-equivalence.html#null"/></td><td>DE10 (HIV status)</td></tr><tr><td>96381-9</td><td><a href="http://hl7.org/fhir/R4/codesystem-concept-map-equivalence.html#null"/></td><td>DE92 (Severely immunosuppressed)</td></tr><tr><td>76517-2</td><td><a href="http://hl7.org/fhir/R4/codesystem-concept-map-equivalence.html#null"/></td><td>DE15 (Preterm birth)</td></tr><tr><td>39236-5</td><td><a href="http://hl7.org/fhir/R4/codesystem-concept-map-equivalence.html#null"/></td><td>DE19 (Vaccine type)</td></tr><tr><td>30952-6</td><td><a href="http://hl7.org/fhir/R4/codesystem-concept-map-equivalence.html#null"/></td><td>DE20 (Date and time of vaccination)</td></tr></table><hr/><p><b>Group 5</b>Mapping from <a href="CodeSystem-IMMZ.D1.html">IMMZ.D1 CodeSystem for Data Elements</a> to <a href="http://hl7.org/fhir/R4/codesystem-snomedct.html">SNOMED CT (all versions)</a></p><table class="grid"><tr><td><b>Source Code</b></td><td><b>Relationship</b></td><td><b>Target Code</b></td></tr><tr><td>DE12 (HIV-negative)</td><td><a href="http://hl7.org/fhir/R4/codesystem-concept-map-equivalence.html#null"/></td><td>165815009</td></tr><tr><td>DE11 (HIV-positive)</td><td><a href="http://hl7.org/fhir/R4/codesystem-concept-map-equivalence.html#null"/></td><td>165816005</td></tr><tr><td>DE13 (Unknown)</td><td><a href="http://hl7.org/fhir/R4/codesystem-concept-map-equivalence.html#null"/></td><td>261665006</td></tr><tr><td>DE10 (HIV status)</td><td><a href="http://hl7.org/fhir/R4/codesystem-concept-map-equivalence.html#null"/></td><td>278977008</td></tr><tr><td>DE15 (Preterm birth)</td><td><a href="http://hl7.org/fhir/R4/codesystem-concept-map-equivalence.html#null"/></td><td>395507008</td></tr></table><hr/><p><b>Group 6</b>Mapping from <a href="http://hl7.org/fhir/R4/codesystem-snomedct.html">SNOMED CT (all versions)</a> to <a href="CodeSystem-IMMZ.D1.html">IMMZ.D1 CodeSystem for Data Elements</a></p><table class="grid"><tr><td><b>Source Code</b></td><td><b>Relationship</b></td><td><b>Target Code</b></td><td><b>Comment</b></td></tr><tr><td>165815009</td><td><a href="http://hl7.org/fhir/R4/codesystem-concept-map-equivalence.html#null"/></td><td>DE12 (HIV-negative)</td><td/></tr><tr><td>165816005</td><td><a href="http://hl7.org/fhir/R4/codesystem-concept-map-equivalence.html#null"/></td><td>DE11 (HIV-positive)</td><td/></tr><tr><td>261665006</td><td><a href="http://hl7.org/fhir/R4/codesystem-concept-map-equivalence.html#null"/></td><td>DE13 (Unknown)</td><td>The source concept is more specific than the target</td></tr><tr><td>278977008</td><td><a href="http://hl7.org/fhir/R4/codesystem-concept-map-equivalence.html#null"/></td><td>DE10 (HIV status)</td><td/></tr><tr><td>395507008</td><td><a href="http://hl7.org/fhir/R4/codesystem-concept-map-equivalence.html#null"/></td><td>DE15 (Preterm birth)</td><td/></tr></table></div></text><url value="http://moh.catopiatz/ig/smart-immunizations-measles-tz/ConceptMap/IMMZD1ConceptMap"/><version value="0.1.0"/><name value="IMMZ_D1_ConceptMap"/><title value="ConceptMap to and from IMMZ.D1 DataElements"/><status value="active"/><experimental value="false"/><date value="2023-08-09"/><publisher value="JLT"/><contact><name value="JLT"/><telecom><system value="url"/><value value="http://moh.catopiatz"/></telecom></contact><description value="Mapping to and from IMMZ.D1 Data Dictionary to other codesystems."/><group><source value="http://moh.catopiatz/ig/smart-immunizations-measles-tz/CodeSystem/IMMZ.D1"/><target value="http://id.who.int/icd11/mms"/><element><code value="DE11"/><target><modifierExtension url="http://hl7.org/fhir/1.0/StructureDefinition/extension-ConceptMap.element.target.equivalence"><valueCode value="narrower"/></modifierExtension><code value="1C62.Z"/><equivalence value="narrower"/><comment value="The source concept is more specific than the target"/></target></element><element><code value="DE12"/><target><modifierExtension url="http://hl7.org/fhir/1.0/StructureDefinition/extension-ConceptMap.element.target.equivalence"><valueCode value="relatedto"/></modifierExtension><code value="QA02.Y"/><equivalence value="relatedto"/></target></element><element><code value="DE15"/><target><modifierExtension url="http://hl7.org/fhir/1.0/StructureDefinition/extension-ConceptMap.element.target.equivalence"><valueCode value="equivalent"/></modifierExtension><code value="KA21.4"/><equivalence value="equivalent"/></target></element></group><group><source value="http://id.who.int/icd11/mms"/><target value="http://moh.catopiatz/ig/smart-immunizations-measles-tz/CodeSystem/IMMZ.D1"/><element><code value="1C62.Z"/><target><modifierExtension url="http://hl7.org/fhir/1.0/StructureDefinition/extension-ConceptMap.element.target.equivalence"><valueCode value="wider"/></modifierExtension><code value="DE11"/><equivalence value="wider"/></target></element><element><code value="QA02.Y"/><target><modifierExtension url="http://hl7.org/fhir/1.0/StructureDefinition/extension-ConceptMap.element.target.equivalence"><valueCode value="relatedto"/></modifierExtension><code value="DE12"/><equivalence value="relatedto"/></target></element><element><code value="KA21.4"/><target><modifierExtension url="http://hl7.org/fhir/1.0/StructureDefinition/extension-ConceptMap.element.target.equivalence"><valueCode value="equivalent"/></modifierExtension><code value="DE15"/><equivalence value="equivalent"/></target></element></group><group><source value="http://moh.catopiatz/ig/smart-immunizations-measles-tz/CodeSystem/IMMZ.D1"/><target value="http://loinc.org"/><element><code value="DE11"/><target><modifierExtension url="http://hl7.org/fhir/1.0/StructureDefinition/extension-ConceptMap.element.target.equivalence"><valueCode value="equivalent"/></modifierExtension><code value="45683-0"/><equivalence value="equivalent"/></target></element><element><code value="DE10"/><target><modifierExtension url="http://hl7.org/fhir/1.0/StructureDefinition/extension-ConceptMap.element.target.equivalence"><valueCode value="equivalent"/></modifierExtension><code value="55277-8"/><equivalence value="equivalent"/></target></element><element><code value="DE92"/><target><modifierExtension url="http://hl7.org/fhir/1.0/StructureDefinition/extension-ConceptMap.element.target.equivalence"><valueCode value="relatedto"/></modifierExtension><code value="96381-9"/><equivalence value="relatedto"/></target></element><element><code value="DE15"/><target><modifierExtension url="http://hl7.org/fhir/1.0/StructureDefinition/extension-ConceptMap.element.target.equivalence"><valueCode value="equivalent"/></modifierExtension><code value="76517-2"/><equivalence value="equivalent"/></target></element><element><code value="DE19"/><target><modifierExtension url="http://hl7.org/fhir/1.0/StructureDefinition/extension-ConceptMap.element.target.equivalence"><valueCode value="equivalent"/></modifierExtension><code value="39236-5"/><equivalence value="equivalent"/></target></element><element><code value="DE20"/><target><modifierExtension url="http://hl7.org/fhir/1.0/StructureDefinition/extension-ConceptMap.element.target.equivalence"><valueCode value="equivalent"/></modifierExtension><code value="30952-6"/><equivalence value="equivalent"/></target></element></group><group><source value="http://loinc.org"/><target value="http://moh.catopiatz/ig/smart-immunizations-measles-tz/CodeSystem/IMMZ.D1"/><element><code value="45683-0"/><target><modifierExtension url="http://hl7.org/fhir/1.0/StructureDefinition/extension-ConceptMap.element.target.equivalence"><valueCode value="equivalent"/></modifierExtension><code value="DE11"/><equivalence value="equivalent"/></target></element><element><code value="55277-8"/><target><modifierExtension url="http://hl7.org/fhir/1.0/StructureDefinition/extension-ConceptMap.element.target.equivalence"><valueCode value="equivalent"/></modifierExtension><code value="DE10"/><equivalence value="equivalent"/></target></element><element><code value="96381-9"/><target><modifierExtension url="http://hl7.org/fhir/1.0/StructureDefinition/extension-ConceptMap.element.target.equivalence"><valueCode value="relatedto"/></modifierExtension><code value="DE92"/><equivalence value="relatedto"/></target></element><element><code value="76517-2"/><target><modifierExtension url="http://hl7.org/fhir/1.0/StructureDefinition/extension-ConceptMap.element.target.equivalence"><valueCode value="equivalent"/></modifierExtension><code value="DE15"/><equivalence value="equivalent"/></target></element><element><code value="39236-5"/><target><modifierExtension url="http://hl7.org/fhir/1.0/StructureDefinition/extension-ConceptMap.element.target.equivalence"><valueCode value="equivalent"/></modifierExtension><code value="DE19"/><equivalence value="equivalent"/></target></element><element><code value="30952-6"/><target><modifierExtension url="http://hl7.org/fhir/1.0/StructureDefinition/extension-ConceptMap.element.target.equivalence"><valueCode value="equivalent"/></modifierExtension><code value="DE20"/><equivalence value="equivalent"/></target></element></group><group><source value="http://moh.catopiatz/ig/smart-immunizations-measles-tz/CodeSystem/IMMZ.D1"/><target value="http://snomed.info/sct"/><element><code value="DE12"/><target><modifierExtension url="http://hl7.org/fhir/1.0/StructureDefinition/extension-ConceptMap.element.target.equivalence"><valueCode value="equivalent"/></modifierExtension><code value="165815009"/><equivalence value="equivalent"/></target></element><element><code value="DE11"/><target><modifierExtension url="http://hl7.org/fhir/1.0/StructureDefinition/extension-ConceptMap.element.target.equivalence"><valueCode value="equivalent"/></modifierExtension><code value="165816005"/><equivalence value="equivalent"/></target></element><element><code value="DE13"/><target><modifierExtension url="http://hl7.org/fhir/1.0/StructureDefinition/extension-ConceptMap.element.target.equivalence"><valueCode value="wider"/></modifierExtension><code value="261665006"/><equivalence value="wider"/></target></element><element><code value="DE10"/><target><modifierExtension url="http://hl7.org/fhir/1.0/StructureDefinition/extension-ConceptMap.element.target.equivalence"><valueCode value="equivalent"/></modifierExtension><code value="278977008"/><equivalence value="equivalent"/></target></element><element><code value="DE15"/><target><modifierExtension url="http://hl7.org/fhir/1.0/StructureDefinition/extension-ConceptMap.element.target.equivalence"><valueCode value="equivalent"/></modifierExtension><code value="395507008"/><equivalence value="equivalent"/></target></element></group><group><source value="http://snomed.info/sct"/><target value="http://moh.catopiatz/ig/smart-immunizations-measles-tz/CodeSystem/IMMZ.D1"/><element><code value="165815009"/><target><modifierExtension url="http://hl7.org/fhir/1.0/StructureDefinition/extension-ConceptMap.element.target.equivalence"><valueCode value="equivalent"/></modifierExtension><code value="DE12"/><equivalence value="equivalent"/></target></element><element><code value="165816005"/><target><modifierExtension url="http://hl7.org/fhir/1.0/StructureDefinition/extension-ConceptMap.element.target.equivalence"><valueCode value="equivalent"/></modifierExtension><code value="DE11"/><equivalence value="equivalent"/></target></element><element><code value="261665006"/><target><modifierExtension url="http://hl7.org/fhir/1.0/StructureDefinition/extension-ConceptMap.element.target.equivalence"><valueCode value="narrower"/></modifierExtension><code value="DE13"/><equivalence value="narrower"/><comment value="The source concept is more specific than the target"/></target></element><element><code value="278977008"/><target><modifierExtension url="http://hl7.org/fhir/1.0/StructureDefinition/extension-ConceptMap.element.target.equivalence"><valueCode value="equivalent"/></modifierExtension><code value="DE10"/><equivalence value="equivalent"/></target></element><element><code value="395507008"/><target><modifierExtension url="http://hl7.org/fhir/1.0/StructureDefinition/extension-ConceptMap.element.target.equivalence"><valueCode value="equivalent"/></modifierExtension><code value="DE15"/><equivalence value="equivalent"/></target></element></group></ConceptMap>